{
	"id": "05649232-8eeb-7fe6-8764-be67a95429ea",
	"name": "Groups (Okta API)",
	"description": "The [Okta Groups API](/docs/api/resources/groups.html) provides operations to manage your organization groups and their user members.",
	"order": [
		"48b63c93-8599-21f3-31ca-db2ca595e596",
		"a512fa07-866b-48c3-bac5-32aa746e2934",
		"e9ffc469-47bf-4900-23ca-d3c11ef42496",
		"b130d3d4-15aa-4f1b-9bab-ed00386a0e6d",
		"adeeef71-f867-2821-8885-1230162f6733",
		"5e79e781-d96b-edaa-d6dc-bbeaf5a8b1e2",
		"b27cb089-81f8-d921-75ef-426ebfb6367a",
		"61172828-4be6-8be0-6f21-eca905309bbc",
		"2fd8abce-ec17-932c-7220-668f2f7a3d60",
		"b2a4806e-a7f6-e16d-4fd9-87184aac443d",
		"2b566256-b325-fb28-ba4a-c48eaf27d9e8",
		"9572adaf-6162-4046-ff15-f5bed935ae78",
		"825eeff3-8511-686f-b167-4274399472b4",
		"384d0892-1a94-6e07-b6a0-377bb4ee5b5c"
	],
	"folders": [],
	"timestamp": 0,
	"owner": "64678",
	"remoteLink": "https://www.getpostman.com/collections/888ea73ebb6a6c6e1ea2",
	"public": false,
	"requests": [
		{
			"folder": null,
			"id": "2b566256-b325-fb28-ba4a-c48eaf27d9e8",
			"name": "List Group Members (Users)",
			"dataMode": "params",
			"data": [],
			"rawModeData": null,
			"descriptionFormat": null,
			"description": "",
			"headers": "Accept: application/json\nContent-Type: application/json\nAuthorization: SSWS {{apikey}}\n",
			"method": "GET",
			"pathVariables": {},
			"url": "{{url}}/api/v1/groups/{{groupId}}/users",
			"preRequestScript": "",
			"tests": "",
			"currentHelper": "normal",
			"helperAttributes": {},
			"collectionId": "05649232-8eeb-7fe6-8764-be67a95429ea"
		},
		{
			"folder": null,
			"id": "2fd8abce-ec17-932c-7220-668f2f7a3d60",
			"name": "Update Group",
			"dataMode": "raw",
			"data": [],
			"descriptionFormat": null,
			"description": "",
			"headers": "Accept: application/json\nContent-Type: application/json\nAuthorization: SSWS {{apikey}}\n",
			"method": "PUT",
			"pathVariables": {},
			"url": "{{url}}/api/v1/groups/{{groupId}}",
			"preRequestScript": "",
			"tests": "",
			"currentHelper": "normal",
			"helperAttributes": {},
			"collectionId": "05649232-8eeb-7fe6-8764-be67a95429ea",
			"rawModeData": "{\n  \"profile\": {\n    \"name\": \"Squabble of Users\",\n    \"description\": \"Keep Calm and Single Sign On\"\n  }\n}  "
		},
		{
			"folder": null,
			"id": "384d0892-1a94-6e07-b6a0-377bb4ee5b5c",
			"name": "List Assigned Applications",
			"dataMode": "params",
			"data": [],
			"rawModeData": null,
			"descriptionFormat": null,
			"description": "",
			"headers": "Accept: application/json\nContent-Type: application/json\nAuthorization: SSWS {{apikey}}\n",
			"method": "GET",
			"pathVariables": {},
			"url": "{{url}}/api/v1/groups/{{groupId}}/apps",
			"preRequestScript": "",
			"tests": "",
			"currentHelper": "normal",
			"helperAttributes": {},
			"collectionId": "05649232-8eeb-7fe6-8764-be67a95429ea"
		},
		{
			"folder": null,
			"id": "48b63c93-8599-21f3-31ca-db2ca595e596",
			"name": "Add Group",
			"dataMode": "raw",
			"data": [],
			"descriptionFormat": null,
			"description": "",
			"headers": "Accept: application/json\nContent-Type: application/json\nAuthorization: SSWS {{apikey}}\n",
			"method": "POST",
			"pathVariables": null,
			"url": "{{url}}/api/v1/groups",
			"preRequestScript": null,
			"tests": null,
			"currentHelper": null,
			"helperAttributes": null,
			"collectionId": "05649232-8eeb-7fe6-8764-be67a95429ea",
			"rawModeData": "{\n  \"profile\": {\n    \"name\": \"West Coast Users\",\n    \"description\": \"West Coast Users\"\n  }\n}"
		},
		{
			"id": "5e79e781-d96b-edaa-d6dc-bbeaf5a8b1e2",
			"headers": "Accept: application/json\nContent-Type: application/json\nAuthorization: SSWS {{apikey}}\n",
			"url": "{{url}}/api/v1/groups?filter=lastUpdated gt \"2015-10-05T00:00:00.000Z\"",
			"preRequestScript": "",
			"pathVariables": {},
			"method": "GET",
			"data": [],
			"dataMode": "params",
			"version": 2,
			"tests": "",
			"currentHelper": "normal",
			"helperAttributes": {},
			"time": 1448741359443,
			"name": "List Groups with Profile Updated after Timestamp",
			"description": "",
			"collectionId": "05649232-8eeb-7fe6-8764-be67a95429ea",
			"responses": []
		},
		{
			"id": "61172828-4be6-8be0-6f21-eca905309bbc",
			"headers": "Accept: application/json\nContent-Type: application/json\nAuthorization: SSWS {{apikey}}\n",
			"url": "{{url}}/api/v1/groups?filter=lastUpdated gt \"2015-10-05T00:00:00.000Z\" or lastMembershipUpdated gt \"2015-10-05T00:00:00.000Z\"",
			"preRequestScript": "",
			"pathVariables": {},
			"method": "GET",
			"data": [],
			"dataMode": "params",
			"version": 2,
			"tests": "",
			"currentHelper": "normal",
			"helperAttributes": {},
			"time": 1448741383997,
			"name": "List Groups Updated after Timestamp",
			"description": "",
			"collectionId": "05649232-8eeb-7fe6-8764-be67a95429ea",
			"responses": []
		},
		{
			"folder": null,
			"id": "825eeff3-8511-686f-b167-4274399472b4",
			"name": "Remove User from Group",
			"dataMode": "raw",
			"data": [],
			"rawModeData": "",
			"descriptionFormat": null,
			"description": "",
			"headers": "Accept: application/json\nContent-Type: application/json\nAuthorization: SSWS {{apikey}}\n",
			"method": "DELETE",
			"pathVariables": {},
			"url": "{{url}}/api/v1/groups/{{groupId}}/users/{{userId}}",
			"preRequestScript": "",
			"tests": "",
			"currentHelper": "normal",
			"helperAttributes": {},
			"collectionId": "05649232-8eeb-7fe6-8764-be67a95429ea"
		},
		{
			"folder": null,
			"id": "9572adaf-6162-4046-ff15-f5bed935ae78",
			"name": "Add User to Group",
			"dataMode": "raw",
			"data": [],
			"rawModeData": "",
			"descriptionFormat": null,
			"description": "",
			"headers": "Accept: application/json\nContent-Type: application/json\nAuthorization: SSWS {{apikey}}\n",
			"method": "PUT",
			"pathVariables": {},
			"url": "{{url}}/api/v1/groups/{{groupId}}/users/{{userId}}",
			"preRequestScript": "",
			"tests": "",
			"currentHelper": "normal",
			"helperAttributes": {},
			"collectionId": "05649232-8eeb-7fe6-8764-be67a95429ea"
		},
		{
			"id": "a512fa07-866b-48c3-bac5-32aa746e2934",
			"headers": "Accept: application/json\nContent-Type: application/json\nAuthorization: SSWS {{apikey}}\n",
			"url": "{{url}}/api/v1/groups/{{groupId}}",
			"pathVariables": {},
			"preRequestScript": "",
			"method": "GET",
			"collectionId": "05649232-8eeb-7fe6-8764-be67a95429ea",
			"data": [],
			"dataMode": "params",
			"name": "Get  Group",
			"description": "",
			"descriptionFormat": "html",
			"time": 1448711266852,
			"version": 2,
			"responses": [],
			"tests": "",
			"currentHelper": "normal",
			"helperAttributes": {}
		},
		{
			"id": "adeeef71-f867-2821-8885-1230162f6733",
			"headers": "Accept: application/json\nContent-Type: application/json\nAuthorization: SSWS {{apikey}}\n",
			"url": "{{url}}/api/v1/groups?filter=type eq \"OKTA_GROUP\"",
			"pathVariables": {},
			"preRequestScript": "",
			"method": "GET",
			"collectionId": "05649232-8eeb-7fe6-8764-be67a95429ea",
			"data": [],
			"dataMode": "params",
			"name": "List Groups with Type",
			"description": "",
			"descriptionFormat": "html",
			"time": 1448710695475,
			"version": 2,
			"responses": [],
			"tests": "",
			"currentHelper": "normal",
			"helperAttributes": {}
		},
		{
			"folder": null,
			"id": "b130d3d4-15aa-4f1b-9bab-ed00386a0e6d",
			"name": "Search Groups",
			"dataMode": "raw",
			"data": [],
			"descriptionFormat": null,
			"description": "",
			"headers": "Accept: application/json\nContent-Type: application/json\nAuthorization: SSWS {{apikey}}\n",
			"method": "GET",
			"pathVariables": null,
			"url": "{{url}}/api/v1/groups?q=ever",
			"preRequestScript": null,
			"tests": null,
			"currentHelper": null,
			"helperAttributes": null,
			"collectionId": "05649232-8eeb-7fe6-8764-be67a95429ea",
			"rawModeData": "{\n  \"profile\": {\n    \"name\": \"iPhone User\",\n    \"description\": \"Example group of iPhone Users\"\n  }\n}"
		},
		{
			"id": "b27cb089-81f8-d921-75ef-426ebfb6367a",
			"headers": "Accept: application/json\nContent-Type: application/json\nAuthorization: SSWS {{apikey}}\n",
			"url": "{{url}}/api/v1/groups?filter=lastMembershipUpdated gt \"2015-10-05T00:00:00.000Z\"",
			"preRequestScript": "",
			"pathVariables": {},
			"method": "GET",
			"data": [],
			"dataMode": "params",
			"version": 2,
			"tests": "",
			"currentHelper": "normal",
			"helperAttributes": {},
			"time": 1448710961419,
			"name": "List Groups with Membership  after Timestamp",
			"description": "",
			"collectionId": "05649232-8eeb-7fe6-8764-be67a95429ea",
			"responses": []
		},
		{
			"folder": null,
			"id": "b2a4806e-a7f6-e16d-4fd9-87184aac443d",
			"name": "Remove Group",
			"dataMode": "raw",
			"data": [],
			"rawModeData": "",
			"descriptionFormat": null,
			"description": "",
			"headers": "Accept: application/json\nContent-Type: application/json\nAuthorization: SSWS {{apikey}}\n",
			"method": "DELETE",
			"pathVariables": {},
			"url": "{{url}}/api/v1/groups/{{groupId}}",
			"preRequestScript": "",
			"tests": "",
			"currentHelper": "normal",
			"helperAttributes": {},
			"collectionId": "05649232-8eeb-7fe6-8764-be67a95429ea"
		},
		{
			"folder": null,
			"id": "e9ffc469-47bf-4900-23ca-d3c11ef42496",
			"name": "List Groups",
			"dataMode": "raw",
			"data": [],
			"descriptionFormat": null,
			"description": "",
			"headers": "Accept: application/json\nContent-Type: application/json\nAuthorization: SSWS {{apikey}}\n",
			"method": "GET",
			"pathVariables": null,
			"url": "{{url}}/api/v1/groups",
			"preRequestScript": null,
			"tests": null,
			"currentHelper": null,
			"helperAttributes": null,
			"collectionId": "05649232-8eeb-7fe6-8764-be67a95429ea",
			"rawModeData": "{\n  \"profile\": {\n    \"name\": \"iPhone User\",\n    \"description\": \"Example group of iPhone Users\"\n  }\n}"
		}
	]
}
