{
	"variables": [],
	"info": {
		"name": "Logs (Okta API)",
		"_postman_id": "2a4fcde1-14fd-8403-b9ca-b773ac0a70fe",
		"description": "The [Okta Log API](/docs/api/resources/system_log.html) provides read access to your organization’s system log. The API is intended to export event data as a batch job from your organization to another system for reporting or analysis.",
		"schema": "https://schema.getpostman.com/json/collection/v2.0.0/collection.json"
	},
	"item": [
		{
			"name": "Get Logs",
			"request": {
				"url": "{{url}}/api/v1/logs",
				"method": "GET",
				"header": [
					{
						"key": "Accept",
						"value": "application/json",
						"description": ""
					},
					{
						"key": "Content-Type",
						"value": "application/json",
						"description": ""
					},
					{
						"key": "Authorization",
						"value": "SSWS {{apikey}}",
						"description": ""
					}
				],
				"body": {},
				"description": ""
			},
			"response": []
		},
		{
			"name": "Get Logs by query string",
			"request": {
				"url": "{{url}}/api/v1/logs?q=logout",
				"method": "GET",
				"header": [
					{
						"key": "Accept",
						"value": "application/json",
						"description": ""
					},
					{
						"key": "Content-Type",
						"value": "application/json",
						"description": ""
					},
					{
						"key": "Authorization",
						"value": "SSWS {{apikey}}",
						"description": ""
					}
				],
				"body": {},
				"description": ""
			},
			"response": []
		},
		{
			"name": "Get Logs by eventType filter",
			"request": {
				"url": "{{url}}/api/v1/logs?filter=eventType eq \"user.session.end\"",
				"method": "GET",
				"header": [
					{
						"key": "Accept",
						"value": "application/json",
						"description": ""
					},
					{
						"key": "Content-Type",
						"value": "application/json",
						"description": ""
					},
					{
						"key": "Authorization",
						"value": "SSWS {{apikey}}",
						"description": ""
					}
				],
				"body": {},
				"description": ""
			},
			"response": []
		},
		{
			"name": "Get Logs since date",
			"request": {
				"url": "{{url}}/api/v1/events?since=2017-03-11",
				"method": "GET",
				"header": [
					{
						"key": "Accept",
						"value": "application/json",
						"description": ""
					},
					{
						"key": "Content-Type",
						"value": "application/json",
						"description": ""
					},
					{
						"key": "Authorization",
						"value": "SSWS {{apikey}}",
						"description": ""
					}
				],
				"body": {},
				"description": ""
			},
			"response": []
		}
	]
}
