{
	"id": "59081abb-bd74-7c67-a8d9-ef999536c95e",
	"name": "Users (Okta API)",
	"description": "The [Okta User API](/docs/api/resources/users.html) provides operations to manage users in your organization.",
	"order": [
		"b3acf562-5a3a-8a65-8c6d-96e3482a27fc",
		"740e9ec9-fac6-4fa1-3853-07983054b5f6",
		"a3849cfd-d474-d7b9-4755-d65b895e5a62",
		"4bfcc0d7-c7a6-e5aa-6314-569d781da623",
		"f2aa4545-a5ce-085e-6bd9-0e8e03e09bef",
		"324ec048-e14e-362a-6abc-a4563c58732a"
	],
	"folders": [
		{
			"id": "07b3cf38-0e5d-7604-d785-ad4cf9e3d454",
			"name": "Create User",
			"description": "",
			"order": [
				"e4bf4acf-6800-4308-6931-6f205b8cb096",
				"66a7bb04-9524-b5e2-5a3e-91ea6f9ca0a9",
				"6174e625-ae7f-0573-bb29-cb0fff20c28b",
				"e8e5801c-80ca-1d0c-6dcb-0e6aa18ed574",
				"d0ca10db-00fb-4e5c-d172-e4fd39e9d650",
				"7af354ac-f903-e626-6db2-4e031f08fdf1",
				"7eb2ec6c-27f4-edae-adec-5868b925979d",
				"8d1afb48-6016-7690-04e8-431e81bfdef6",
				"fa46ebe8-d10b-c4f3-2a75-736fe2d4bdd8"
			],
			"collection_name": "Users (Okta API)",
			"collection_id": "59081abb-bd74-7c67-a8d9-ef999536c95e"
		},
		{
			"id": "62d5a0d1-01bf-cf36-7df2-1078a8967f6d",
			"name": "Credential Operations",
			"description": "",
			"order": [
				"cbefa84c-85fc-5769-b816-9c954f1e976e",
				"cdd7b688-1e03-1fa8-33f7-87fbb7c57f7d",
				"0b41addc-0e45-a9c6-d3db-ae08438298f8",
				"8c9e11c5-f71a-695d-09af-638a0d8ea6bc",
				"f6c427ef-af5d-b687-3935-1612ca2ebb9c",
				"41868ac5-be41-ca7e-d96b-8d2e8023a240"
			],
			"collection_name": "Users (Okta API)",
			"collection_id": "59081abb-bd74-7c67-a8d9-ef999536c95e"
		},
		{
			"id": "0580d0b4-01bc-066d-aac9-76f3a6b1613b",
			"name": "Lifecycle Operations",
			"description": "",
			"order": [
				"cb65bf59-0075-223d-9cdd-fce75045e13a",
				"5db3180f-8aaf-9057-8a7d-9d43c6538473",
				"a1b8c20a-184a-e47b-203d-1a720b96abfd",
				"c1bcca9c-3f20-039e-4278-787a8ec20719",
				"11bd973f-4cd2-b4fc-e939-b816d711a7c5",
				"294ceb07-0a2a-c172-ed07-f6964aec1c2d",
				"b3acf562-5a3a-8a65-8c6d-96e3482a27fc",
				"d7599423-dfa3-142f-3c19-5ecc00d72ba4",
				"66200dd6-4065-5a09-a81c-61282dee9110"
			],
			"collection_name": "Users (Okta API)",
			"collection_id": "59081abb-bd74-7c67-a8d9-ef999536c95e"
		},
		{
			"id": "db4c6a15-421a-5f6e-bd1c-86375091e35d",
			"name": "List Users",
			"description": "",
			"order": [
				"cd6cbfcf-2f1b-6805-9a09-eaaab713c408",
				"324ec048-e14e-362a-6abc-a4563c58732a",
				"c3fdeecb-9df7-b31b-895d-2ff4c83ba0bf",
				"f379ea3f-fa77-2208-7ae5-2ad0a005a8db",
				"4c3f2003-d5db-3198-0a89-d536897c01e8",
				"b125b042-92e0-900d-cd37-83058b954c3e",
				"4109df6e-94d7-eea0-dae9-0828960e2dbe",
				"e18cb915-6b78-537a-d847-d77d74734e36",
				"fdcad079-ba62-6393-f6c1-500f65f92f74",
				"a2cae2be-c961-73f9-387f-c175d015e0e5",
				"7fdfe339-5d1b-c9c4-ac51-c7835205868a"
			],
			"collection_name": "Users (Okta API)",
			"collection_id": "59081abb-bd74-7c67-a8d9-ef999536c95e"
		}
	],
	"timestamp": 1371751354847,
	"synced": false,
	"remoteLink": "",
	"requests": [
		{
			"id": "0b41addc-0e45-a9c6-d3db-ae08438298f8",
			"headers": "Accept: application/json\nContent-Type: application/json\nAuthorization: SSWS {{apikey}}\n",
			"url": "{{url}}/api/v1/users/{{userId}}",
			"preRequestScript": "",
			"pathVariables": {},
			"method": "PUT",
			"data": [],
			"dataMode": "raw",
			"version": 2,
			"tests": "",
			"time": 1408114019448,
			"name": "Set Recovery Credential",
			"description": "",
			"collectionId": "59081abb-bd74-7c67-a8d9-ef999536c95e",
			"synced": false,
			"rawModeData": "{\n  \"credentials\": {\n    \"recovery_question\": {\n      \"question\": \"Who's a major player in the cowboy scene?\",\n      \"answer\": \"Annie Oakley\"\n    }\n  }\n}"
		},
		{
			"id": "11bd973f-4cd2-b4fc-e939-b816d711a7c5",
			"headers": "Content-Type: application/json\nAccept: application/json\nAuthorization: SSWS {{apikey}}\n",
			"url": "{{url}}/api/v1/users/{{userId}}/lifecycle/reset_password?sendEmail=false",
			"preRequestScript": "",
			"pathVariables": {},
			"method": "POST",
			"data": [],
			"dataMode": "raw",
			"version": 2,
			"tests": "",
			"time": 1408113977699,
			"name": "Reset Password",
			"description": "",
			"collectionId": "59081abb-bd74-7c67-a8d9-ef999536c95e",
			"synced": false,
			"rawModeData": ""
		},
		{
			"id": "294ceb07-0a2a-c172-ed07-f6964aec1c2d",
			"headers": "Content-Type: application/json\nAccept: application/json\nAuthorization: SSWS {{apikey}}\n",
			"url": "{{url}}/api/v1/users/{{userId}}/lifecycle/expire_password?tempPassword=true",
			"preRequestScript": "",
			"pathVariables": {},
			"method": "POST",
			"data": [],
			"dataMode": "raw",
			"version": 2,
			"tests": "",
			"currentHelper": "normal",
			"helperAttributes": {},
			"time": 1418216292374,
			"name": "Set Temp Password",
			"description": "",
			"collectionId": "59081abb-bd74-7c67-a8d9-ef999536c95e",
			"synced": false,
			"rawModeData": ""
		},
		{
			"id": "324ec048-e14e-362a-6abc-a4563c58732a",
			"headers": "Accept: application/json\nContent-Type: application/json\nAuthorization: SSWS {{apikey}}\n",
			"url": "{{url}}/api/v1/users?q=user",
			"preRequestScript": "",
			"pathVariables": {},
			"method": "GET",
			"data": [],
			"dataMode": "params",
			"version": 2,
			"tests": "",
			"currentHelper": "normal",
			"helperAttributes": {},
			"time": 1418216168059,
			"name": "Find User",
			"description": "",
			"collectionId": "59081abb-bd74-7c67-a8d9-ef999536c95e",
			"responses": [],
			"synced": false
		},
		{
			"id": "4109df6e-94d7-eea0-dae9-0828960e2dbe",
			"headers": "Accept: application/json\nContent-Type: application/json\nAuthorization: SSWS {{apikey}}\n",
			"url": "{{url}}/api/v1/users?filter=status eq \"STAGED\"&limit=25",
			"preRequestScript": "",
			"pathVariables": {},
			"method": "GET",
			"data": [],
			"dataMode": "params",
			"version": 2,
			"tests": "",
			"currentHelper": "normal",
			"helperAttributes": {},
			"time": 1418216056828,
			"name": "List Staged Users",
			"description": "",
			"collectionId": "59081abb-bd74-7c67-a8d9-ef999536c95e",
			"responses": [],
			"synced": false
		},
		{
			"id": "41868ac5-be41-ca7e-d96b-8d2e8023a240",
			"headers": "Accept: application/json\nContent-Type: application/json\nAuthorization: SSWS {{apikey}}\n",
			"url": "{{url}}/api/v1/users/{{userId}}/credentials/forgot_password?sendEmail=false",
			"preRequestScript": "",
			"pathVariables": {},
			"method": "POST",
			"data": [],
			"dataMode": "raw",
			"version": 2,
			"tests": "",
			"time": 1408114031032,
			"name": "Forgot Password (One Time Code)",
			"description": "",
			"collectionId": "59081abb-bd74-7c67-a8d9-ef999536c95e",
			"synced": false,
			"rawModeData": ""
		},
		{
			"id": "4bfcc0d7-c7a6-e5aa-6314-569d781da623",
			"headers": "Accept: application/json\nContent-Type: application/json\nAuthorization: SSWS {{apikey}}\n",
			"url": "{{url}}/api/v1/users/{{userId}}/appLinks",
			"preRequestScript": "",
			"pathVariables": {},
			"method": "GET",
			"data": [],
			"dataMode": "params",
			"version": 2,
			"tests": "",
			"time": 1408113939224,
			"name": "Get Assigned App Links",
			"description": "",
			"collectionId": "59081abb-bd74-7c67-a8d9-ef999536c95e",
			"responses": [],
			"synced": false
		},
		{
			"id": "4c3f2003-d5db-3198-0a89-d536897c01e8",
			"headers": "Accept: application/json\nContent-Type: application/json\nAuthorization: SSWS {{apikey}}\n",
			"url": "{{url}}/api/v1/users?filter=status eq \"ACTIVE\"&limit=25",
			"preRequestScript": "",
			"pathVariables": {},
			"method": "GET",
			"data": [],
			"dataMode": "params",
			"version": 2,
			"tests": "",
			"currentHelper": "normal",
			"helperAttributes": {},
			"time": 1418216067979,
			"name": "List Active Users",
			"description": "",
			"collectionId": "59081abb-bd74-7c67-a8d9-ef999536c95e",
			"responses": [],
			"synced": false
		},
		{
			"id": "5db3180f-8aaf-9057-8a7d-9d43c6538473",
			"headers": "Content-Type: application/json\nAccept: application/json\nAuthorization: SSWS {{apikey}}\n",
			"url": "{{url}}/api/v1/users/{{userId}}/lifecycle/deactivate",
			"preRequestScript": "",
			"pathVariables": {},
			"method": "POST",
			"data": [],
			"dataMode": "raw",
			"version": 2,
			"tests": "",
			"time": 1408113961775,
			"name": "Deactivate User",
			"description": "",
			"collectionId": "59081abb-bd74-7c67-a8d9-ef999536c95e",
			"synced": false,
			"rawModeData": ""
		},
		{
			"id": "6174e625-ae7f-0573-bb29-cb0fff20c28b",
			"headers": "Accept: application/json\nContent-Type: application/json\nAuthorization: SSWS {{apikey}}\n",
			"url": "{{url}}/api/v1/users?activate=false",
			"preRequestScript": "",
			"pathVariables": {},
			"method": "POST",
			"data": [],
			"dataMode": "raw",
			"version": 2,
			"tests": "",
			"currentHelper": "normal",
			"helperAttributes": {},
			"time": 1418215050316,
			"name": "Create User without Credentials",
			"description": "",
			"collectionId": "59081abb-bd74-7c67-a8d9-ef999536c95e",
			"synced": false,
			"rawModeData": "{\n  \"profile\": {\n    \"firstName\": \"Isaac\",\n    \"lastName\": \"Brock\",\n    \"email\": \"isaac@{{email-suffix}}\",\n    \"login\": \"isaac@{{email-suffix}}\"\n  }\n}"
		},
		{
			"id": "66a7bb04-9524-b5e2-5a3e-91ea6f9ca0a9",
			"headers": "Accept: application/json\nContent-Type: application/json\nAuthorization: SSWS {{apikey}}\n",
			"url": "{{url}}/api/v1/users?activate=true",
			"preRequestScript": "",
			"pathVariables": {},
			"method": "POST",
			"data": [],
			"dataMode": "raw",
			"version": 2,
			"tests": "",
			"currentHelper": "normal",
			"helperAttributes": {},
			"time": 1418215309347,
			"name": "Create Activated User with Password & Recovery Question",
			"description": "",
			"collectionId": "59081abb-bd74-7c67-a8d9-ef999536c95e",
			"synced": false,
			"rawModeData": "{\n  \"profile\": {\n    \"firstName\": \"Isaac\",\n    \"lastName\": \"Brock\",\n    \"email\": \"isaac@{{email-suffix}}\",\n    \"login\": \"isaac@{{email-suffix}}\"\n  },\n  \"credentials\": {\n    \"password\" : { \"value\": \"{{password}}\" },\n    \"recovery_question\": {\n      \"question\": \"Who's a major player in the cowboy scene?\",\n      \"answer\": \"Annie Oakley\"\n    }\n  }\n}"
		},
		{
			"id": "740e9ec9-fac6-4fa1-3853-07983054b5f6",
			"headers": "Accept: application/json\nContent-Type: application/json\nAuthorization: SSWS {{apikey}}\n",
			"url": "{{url}}/api/v1/users/{{userId}}",
			"preRequestScript": "",
			"pathVariables": {},
			"method": "GET",
			"data": [],
			"dataMode": "params",
			"version": 2,
			"tests": "",
			"time": 1408113925106,
			"name": "Get User",
			"description": "",
			"collectionId": "59081abb-bd74-7c67-a8d9-ef999536c95e",
			"responses": [],
			"synced": false
		},
		{
			"id": "7af354ac-f903-e626-6db2-4e031f08fdf1",
			"headers": "Accept: application/json\nContent-Type: application/json\nAuthorization: SSWS {{apikey}}\n",
			"url": "{{url}}/api/v1/users?activate=true",
			"preRequestScript": "",
			"pathVariables": {},
			"method": "POST",
			"data": [],
			"dataMode": "raw",
			"version": 2,
			"tests": "",
			"currentHelper": "normal",
			"helperAttributes": {},
			"time": 1418215336853,
			"name": "Create Activated User with Password",
			"description": "",
			"collectionId": "59081abb-bd74-7c67-a8d9-ef999536c95e",
			"synced": false,
			"rawModeData": "{\n  \"profile\": {\n    \"firstName\": \"Isaac\",\n    \"lastName\": \"Brock\",\n    \"email\": \"isaac@{{email-suffix}}\",\n    \"login\": \"isaac@{{email-suffix}}\"\n  },\n  \"credentials\": {\n    \"password\" : { \"value\": \"{{password}}\" }\n  }\n}"
		},
		{
			"id": "7eb2ec6c-27f4-edae-adec-5868b925979d",
			"headers": "Accept: application/json\nContent-Type: application/json\nAuthorization: SSWS {{apikey}}\n",
			"url": "{{url}}/api/v1/users?activate=false",
			"preRequestScript": "",
			"pathVariables": {},
			"method": "POST",
			"data": [],
			"dataMode": "raw",
			"version": 2,
			"tests": "",
			"currentHelper": "normal",
			"helperAttributes": {},
			"time": 1418215018610,
			"name": "Create User with Recovery Question",
			"description": "",
			"collectionId": "59081abb-bd74-7c67-a8d9-ef999536c95e",
			"synced": false,
			"rawModeData": "{\n  \"profile\": {\n    \"firstName\": \"Isaac\",\n    \"lastName\": \"Brock\",\n    \"email\": \"isaac@{{email-suffix}}\",\n    \"login\": \"isaac@{{email-suffix}}\"\n  },\n  \"credentials\": {\n    \"recovery_question\": {\n      \"question\": \"Who's a major player in the cowboy scene?\",\n      \"answer\": \"Annie Oakley\"\n    }\n  }\n}"
		},
		{
			"id": "7fdfe339-5d1b-c9c4-ac51-c7835205868a",
			"headers": "Accept: application/json\nContent-Type: application/json\nAuthorization: SSWS {{apikey}}\n",
			"url": "{{url}}/api/v1/users?filter=status eq \"LOCKED_OUT\"&limit=25",
			"preRequestScript": "",
			"pathVariables": {},
			"method": "GET",
			"data": [],
			"dataMode": "params",
			"version": 2,
			"tests": "",
			"currentHelper": "normal",
			"helperAttributes": {},
			"time": 1418216033234,
			"name": "List Locked Users",
			"description": "",
			"collectionId": "59081abb-bd74-7c67-a8d9-ef999536c95e",
			"synced": false
		},
		{
			"id": "8c9e11c5-f71a-695d-09af-638a0d8ea6bc",
			"headers": "Accept: application/json\nContent-Type: application/json\nAuthorization: SSWS {{apikey}}\n",
			"url": "{{url}}/api/v1/users/{{userId}}/credentials/change_recovery_question",
			"preRequestScript": "",
			"pathVariables": {},
			"method": "POST",
			"data": [],
			"dataMode": "raw",
			"version": 2,
			"tests": "",
			"currentHelper": "normal",
			"helperAttributes": {},
			"time": 1418215804680,
			"name": "Change Recovery Question",
			"description": "",
			"collectionId": "59081abb-bd74-7c67-a8d9-ef999536c95e",
			"synced": false,
			"rawModeData": "{\n  \"password\": { \"value\": \"{{password}}\" }, \n    \"recovery_question\": {\n      \"question\" : \"What happens when I update my question\",\n      \"answer\": \"My recovery credentials are updated\" \n    } \n}"
		},
		{
			"id": "8d1afb48-6016-7690-04e8-431e81bfdef6",
			"headers": "Accept: application/json\nContent-Type: application/json\nAuthorization: SSWS {{apikey}}\n",
			"url": "{{url}}/api/v1/users?activate=true",
			"preRequestScript": "",
			"pathVariables": {},
			"method": "POST",
			"data": [],
			"dataMode": "raw",
			"version": 2,
			"tests": "",
			"currentHelper": "normal",
			"helperAttributes": {},
			"time": 1418214994266,
			"name": "Create Activated User with Recovery Question",
			"description": "",
			"collectionId": "59081abb-bd74-7c67-a8d9-ef999536c95e",
			"synced": false,
			"rawModeData": "{\n  \"profile\": {\n    \"firstName\": \"Isaac\",\n    \"lastName\": \"Brock\",\n    \"email\": \"isaac@{{email-suffix}}\",\n    \"login\": \"isaac@{{email-suffix}}\"\n  },\n  \"credentials\": {\n    \"recovery_question\": {\n      \"question\": \"Who's a major player in the cowboy scene?\",\n      \"answer\": \"Annie Oakley\"\n    }\n  }\n}"
		},
		{
			"id": "a1b8c20a-184a-e47b-203d-1a720b96abfd",
			"headers": "Content-Type: application/json\nAccept: application/json\nAuthorization: SSWS {{apikey}}\n",
			"url": "{{url}}/api/v1/users/{{userId}}/lifecycle/unlock",
			"preRequestScript": "",
			"pathVariables": {},
			"method": "POST",
			"data": [],
			"dataMode": "raw",
			"version": 2,
			"tests": "",
			"time": 1408113964783,
			"name": "Unlock User",
			"description": "",
			"collectionId": "59081abb-bd74-7c67-a8d9-ef999536c95e",
			"synced": false,
			"rawModeData": ""
		},
		{
			"id": "a2cae2be-c961-73f9-387f-c175d015e0e5",
			"headers": "Accept: application/json\nContent-Type: application/json\nAuthorization: SSWS {{apikey}}\n",
			"url": "{{url}}/api/v1/users?filter=status eq \"PASSWORD_EXPIRED\"&limit=25",
			"preRequestScript": "",
			"pathVariables": {},
			"method": "GET",
			"data": [],
			"dataMode": "params",
			"version": 2,
			"tests": "",
			"currentHelper": "normal",
			"helperAttributes": {},
			"time": 1418216042251,
			"name": "List Password Expired Users",
			"description": "",
			"collectionId": "59081abb-bd74-7c67-a8d9-ef999536c95e",
			"responses": [],
			"synced": false
		},
		{
			"id": "a3849cfd-d474-d7b9-4755-d65b895e5a62",
			"headers": "Accept: application/json\nContent-Type: application/json\nAuthorization: SSWS {{apikey}}\n",
			"url": "{{url}}/api/v1/users/me",
			"pathVariables": {},
			"preRequestScript": "",
			"method": "GET",
			"data": [],
			"dataMode": "params",
			"name": "Get Current User",
			"description": "",
			"descriptionFormat": "html",
			"time": 1408114187401,
			"version": 2,
			"responses": [],
			"tests": "",
			"collectionId": "59081abb-bd74-7c67-a8d9-ef999536c95e",
			"synced": false
		},
		{
			"id": "b125b042-92e0-900d-cd37-83058b954c3e",
			"headers": "Accept: application/json\nContent-Type: application/json\nAuthorization: SSWS {{apikey}}\n",
			"url": "{{url}}/api/v1/users?filter=status eq \"PROVISIONED\"&limit=25",
			"preRequestScript": "",
			"pathVariables": {},
			"method": "GET",
			"data": [],
			"dataMode": "params",
			"version": 2,
			"tests": "",
			"currentHelper": "normal",
			"helperAttributes": {},
			"time": 1418216063606,
			"name": "List Provisioned Users",
			"description": "",
			"collectionId": "59081abb-bd74-7c67-a8d9-ef999536c95e",
			"synced": false
		},
		{
			"id": "b3acf562-5a3a-8a65-8c6d-96e3482a27fc",
			"headers": "Accept: application/json\nContent-Type: application/json\nAuthorization: SSWS{{apikey}}\n",
			"url": "{{url}}/api/v1/users/{{userId}}/lifecycle/reset_factors",
			"pathVariables": {},
			"preRequestScript": "",
			"method": "POST",
			"data": [],
			"dataMode": "params",
			"name": "Reset Factors",
			"description": "",
			"descriptionFormat": "html",
			"time": 1407364762824,
			"version": 2,
			"responses": [],
			"tests": "",
			"collectionId": "59081abb-bd74-7c67-a8d9-ef999536c95e",
			"synced": false
		},
		{
			"id": "c1bcca9c-3f20-039e-4278-787a8ec20719",
			"headers": "Content-Type: application/json\nAccept: application/json\nAuthorization: SSWS {{apikey}}\n",
			"url": "{{url}}/api/v1/users/{{userId}}/lifecycle/expire_password",
			"preRequestScript": "",
			"pathVariables": {},
			"method": "POST",
			"data": [],
			"dataMode": "raw",
			"version": 2,
			"tests": "",
			"time": 1408113972490,
			"name": "Expire Password",
			"description": "",
			"collectionId": "59081abb-bd74-7c67-a8d9-ef999536c95e",
			"synced": false,
			"rawModeData": ""
		},
		{
			"id": "c3fdeecb-9df7-b31b-895d-2ff4c83ba0bf",
			"headers": "Accept: application/json\nContent-Type: application/json\nAuthorization: SSWS {{apikey}}\n",
			"url": "{{url}}/api/v1/users?q=admin&limit=25",
			"preRequestScript": "",
			"pathVariables": {},
			"method": "GET",
			"data": [],
			"dataMode": "params",
			"version": 2,
			"tests": "",
			"currentHelper": "normal",
			"helperAttributes": {},
			"time": 1418216089913,
			"name": "List Users with Search",
			"description": "",
			"collectionId": "59081abb-bd74-7c67-a8d9-ef999536c95e",
			"responses": [],
			"synced": false
		},
		{
			"id": "cb65bf59-0075-223d-9cdd-fce75045e13a",
			"headers": "Content-Type: application/json\nAccept: application/json\nAuthorization: SSWS {{apikey}}\n",
			"url": "{{url}}/api/v1/users/{{userId}}/lifecycle/activate?sendEmail=false",
			"preRequestScript": "",
			"pathVariables": {},
			"method": "POST",
			"data": [],
			"dataMode": "raw",
			"version": 2,
			"tests": "",
			"time": 1408113957510,
			"name": "Activate User",
			"description": "",
			"collectionId": "59081abb-bd74-7c67-a8d9-ef999536c95e",
			"synced": false,
			"rawModeData": ""
		},
		{
			"id": "cbefa84c-85fc-5769-b816-9c954f1e976e",
			"headers": "Accept: application/json\nContent-Type: application/json\nAuthorization: SSWS {{apikey}}\n",
			"url": "{{url}}/api/v1/users/{{userId}}",
			"preRequestScript": "",
			"pathVariables": {},
			"method": "PUT",
			"data": [],
			"dataMode": "raw",
			"version": 2,
			"tests": "",
			"currentHelper": "normal",
			"helperAttributes": {},
			"time": 1418215780292,
			"name": "Set Password",
			"description": "",
			"collectionId": "59081abb-bd74-7c67-a8d9-ef999536c95e",
			"responses": [],
			"synced": false,
			"rawModeData": "{\n  \"credentials\": {\n    \"password\" : { \"value\": \"{{password}}\" }\n  }\n}"
		},
		{
			"id": "cd6cbfcf-2f1b-6805-9a09-eaaab713c408",
			"headers": "Accept: application/json\nContent-Type: application/json\nAuthorization: SSWS {{apikey}}\n",
			"url": "{{url}}/api/v1/users?limit=25",
			"preRequestScript": "",
			"pathVariables": {},
			"method": "GET",
			"data": [],
			"dataMode": "params",
			"version": 2,
			"tests": "",
			"currentHelper": "normal",
			"helperAttributes": {},
			"time": 1418216102046,
			"name": "List Users",
			"description": "",
			"collectionId": "59081abb-bd74-7c67-a8d9-ef999536c95e",
			"responses": [],
			"synced": false
		},
		{
			"id": "cdd7b688-1e03-1fa8-33f7-87fbb7c57f7d",
			"headers": "Accept: application/json\nContent-Type: application/json\nAuthorization: SSWS {{apikey}}\n",
			"url": "{{url}}/api/v1/users/{{userId}}/credentials/change_password",
			"preRequestScript": "",
			"pathVariables": {},
			"method": "POST",
			"data": [],
			"dataMode": "raw",
			"version": 2,
			"tests": "",
			"currentHelper": "normal",
			"helperAttributes": {},
			"time": 1418215793855,
			"name": "Change Password",
			"description": "",
			"collectionId": "59081abb-bd74-7c67-a8d9-ef999536c95e",
			"synced": false,
			"rawModeData": "{\n  \"oldPassword\": { \"value\": \"{{password}}\" },\n  \"newPassword\": { \"value\": \"uTVM,TPw55\" }\n}"
		},
		{
			"id": "d0ca10db-00fb-4e5c-d172-e4fd39e9d650",
			"headers": "Accept: application/json\nContent-Type: application/json\nAuthorization: SSWS {{apikey}}\n",
			"url": "{{url}}/api/v1/users?activate=false",
			"preRequestScript": "",
			"pathVariables": {},
			"method": "POST",
			"data": [],
			"dataMode": "raw",
			"version": 2,
			"tests": "",
			"currentHelper": "normal",
			"helperAttributes": {},
			"time": 1418215332799,
			"name": "Create User with Password",
			"description": "",
			"collectionId": "59081abb-bd74-7c67-a8d9-ef999536c95e",
			"synced": false,
			"rawModeData": "{\n  \"profile\": {\n    \"firstName\": \"Isaac\",\n    \"lastName\": \"Brock\",\n    \"email\": \"isaac@{{email-suffix}}\",\n    \"login\": \"isaac@{{email-suffix}}\"\n  },\n  \"credentials\": {\n    \"password\" : { \"value\": \"{{password}}\" }\n  }\n}"
		},
		{
			"id": "e18cb915-6b78-537a-d847-d77d74734e36",
			"headers": "Accept: application/json\nContent-Type: application/json\nAuthorization: SSWS {{apikey}}\n",
			"url": "{{url}}/api/v1/users?filter=status eq \"RECOVERY\"&limit=25",
			"preRequestScript": "",
			"pathVariables": {},
			"method": "GET",
			"data": [],
			"dataMode": "params",
			"version": 2,
			"tests": "",
			"currentHelper": "normal",
			"helperAttributes": {},
			"time": 1418216051301,
			"name": "List Recovery Users",
			"description": "",
			"collectionId": "59081abb-bd74-7c67-a8d9-ef999536c95e",
			"synced": false
		},
		{
			"id": "e4bf4acf-6800-4308-6931-6f205b8cb096",
			"headers": "Accept: application/json\nContent-Type: application/json\nAuthorization: SSWS {{apikey}}\n",
			"url": "{{url}}/api/v1/users?activate=false",
			"preRequestScript": "",
			"pathVariables": {},
			"method": "POST",
			"data": [],
			"dataMode": "raw",
			"version": 2,
			"tests": "",
			"currentHelper": "normal",
			"helperAttributes": {},
			"time": 1418215319394,
			"name": "Create User with Password & Recovery Question",
			"description": "",
			"collectionId": "59081abb-bd74-7c67-a8d9-ef999536c95e",
			"synced": false,
			"rawModeData": "{\n  \"profile\": {\n    \"firstName\": \"Isaac\",\n    \"lastName\": \"Brock\",\n    \"email\": \"isaac@{{email-suffix}}\",\n    \"login\": \"isaac@{{email-suffix}}\"\n  },\n  \"credentials\": {\n    \"password\" : { \"value\": \"{{password}}\" },\n    \"recovery_question\": {\n      \"question\": \"Who's a major player in the cowboy scene?\",\n      \"answer\": \"Annie Oakley\"\n    }\n  }\n}"
		},
		{
			"id": "e8e5801c-80ca-1d0c-6dcb-0e6aa18ed574",
			"headers": "Accept: application/json\nContent-Type: application/json\nAuthorization: SSWS {{apikey}}\n",
			"url": "{{url}}/api/v1/users?activate=true",
			"preRequestScript": "",
			"pathVariables": {},
			"method": "POST",
			"data": [],
			"dataMode": "raw",
			"version": 2,
			"tests": "",
			"currentHelper": "normal",
			"helperAttributes": {},
			"time": 1418215040454,
			"name": "Create Activated User without Credentials",
			"description": "",
			"collectionId": "59081abb-bd74-7c67-a8d9-ef999536c95e",
			"synced": false,
			"rawModeData": "{\n  \"profile\": {\n    \"firstName\": \"Isaac\",\n    \"lastName\": \"Brock\",\n    \"email\": \"isaac@{{email-suffix}}\",\n    \"login\": \"isaac@{{email-suffix}}\"\n  }\n}"
		},
		{
			"id": "f2aa4545-a5ce-085e-6bd9-0e8e03e09bef",
			"headers": "Accept: application/json\nContent-Type: application/json\nAuthorization: SSWS {{apikey}}\n",
			"url": "{{url}}/api/v1/users/{{userId}}/groups",
			"preRequestScript": "",
			"pathVariables": {},
			"method": "GET",
			"data": [],
			"dataMode": "params",
			"version": 2,
			"tests": "",
			"time": 1408113944357,
			"name": "Get Groups for User",
			"description": "",
			"collectionId": "59081abb-bd74-7c67-a8d9-ef999536c95e",
			"responses": [],
			"synced": false
		},
		{
			"id": "f379ea3f-fa77-2208-7ae5-2ad0a005a8db",
			"headers": "Accept: application/json\nContent-Type: application/json\nAuthorization: SSWS {{apikey}}\n",
			"url": "{{url}}/api/v1/users?filter=status eq \"ACTIVE\" and lastUpdated gt \"2014-02-01T00:00:00.000Z\"&limit=25",
			"preRequestScript": "",
			"pathVariables": {},
			"method": "GET",
			"data": [],
			"dataMode": "params",
			"version": 2,
			"tests": "",
			"currentHelper": "normal",
			"helperAttributes": {},
			"time": 1418216079592,
			"name": "List Users Updated after Timestamp",
			"description": "",
			"collectionId": "59081abb-bd74-7c67-a8d9-ef999536c95e",
			"responses": [],
			"synced": false
		},
		{
			"id": "f6c427ef-af5d-b687-3935-1612ca2ebb9c",
			"headers": "Accept: application/json\nContent-Type: application/json\nAuthorization: SSWS {{apikey}}\n",
			"url": "{{url}}/api/v1/users/{{userId}}/credentials/forgot_password?sendEmail=false",
			"preRequestScript": "",
			"pathVariables": {},
			"method": "POST",
			"data": [],
			"dataMode": "raw",
			"version": 2,
			"tests": "",
			"currentHelper": "normal",
			"helperAttributes": {},
			"time": 1418215816535,
			"name": "Forgot Password (Validate Security Answer)",
			"description": "",
			"collectionId": "59081abb-bd74-7c67-a8d9-ef999536c95e",
			"synced": false,
			"rawModeData": "{\n  \"password\": { \"value\": \"{{password}}\" }, \n    \"recovery_question\": { \"answer\": \"Annie Oakley\" } \n}"
		},
		{
			"id": "fdcad079-ba62-6393-f6c1-500f65f92f74",
			"headers": "Accept: application/json\nContent-Type: application/json\nAuthorization: SSWS {{apikey}}\n",
			"url": "{{url}}/api/v1/users?filter=status eq \"DEPROVISIONED\"&limit=25",
			"preRequestScript": "",
			"pathVariables": {},
			"method": "GET",
			"data": [],
			"dataMode": "params",
			"version": 2,
			"tests": "",
			"currentHelper": "normal",
			"helperAttributes": {},
			"time": 1418216047283,
			"name": "List Deprovisioned Users",
			"description": "",
			"collectionId": "59081abb-bd74-7c67-a8d9-ef999536c95e",
			"responses": [],
			"synced": false
		},
		{
			"id": "fa46ebe8-d10b-c4f3-2a75-736fe2d4bdd8",
			"headers": "Accept: application/json\nContent-Type: application/json\nAuthorization: SSWS {{apikey}}\n",
			"url": "{{url}}/api/v1/users?activate=false",
			"preRequestScript": "",
			"pathVariables": {},
			"method": "POST",
			"data": [],
			"dataMode": "raw",
			"version": 2,
			"tests": "",
			"currentHelper": "normal",
			"helperAttributes": {},
			"time": 1464303833765,
			"name": "Create User in Group",
			"description": "",
			"collectionId": "59081abb-bd74-7c67-a8d9-ef999536c95e",
			"rawModeData": "{\n  \"profile\": {\n    \"firstName\": \"Isaac\",\n    \"lastName\": \"Brock\",\n    \"email\": \"isaac@{{email-suffix}}\",\n    \"login\": \"isaac@{{email-suffix}}\"\n  },\n  \"groupIds\": [\n    \"{{groupId}}\"\n  ]\n}"
		},
		{
			"id": "d7599423-dfa3-142f-3c19-5ecc00d72ba4",
			"headers": "Content-Type: application/json\nAccept: application/json\nAuthorization: SSWS {{apikey}}\n",
			"url": "{{url}}/api/v1/users/{{userId}}/lifecycle/suspend",
			"preRequestScript": "",
			"pathVariables": {},
			"method": "POST",
			"data": [],
			"dataMode": "raw",
			"version": 2,
			"tests": "",
			"currentHelper": "normal",
			"helperAttributes": {},
			"time": 1466718158241,
			"name": "Suspend User",
			"description": "",
			"collectionId": "59081abb-bd74-7c67-a8d9-ef999536c95e",
			"rawModeData": ""
		},
		{
			"id": "66200dd6-4065-5a09-a81c-61282dee9110",
			"headers": "Content-Type: application/json\nAccept: application/json\nAuthorization: SSWS {{apikey}}\n",
			"url": "{{url}}/api/v1/users/{{userId}}/lifecycle/unsuspend",
			"preRequestScript": "",
			"pathVariables": {},
			"method": "POST",
			"data": [],
			"dataMode": "raw",
			"version": 2,
			"tests": "",
			"currentHelper": "normal",
			"helperAttributes": {},
			"time": 1466718179193,
			"name": "Unsuspend User",
			"description": "",
			"collectionId": "59081abb-bd74-7c67-a8d9-ef999536c95e",
			"rawModeData": ""
		},
		{
			"id": "16d30f37-2ae3-08ec-1fec-b464e88b4eab",
			"headers": "Accept: application/json\nContent-Type: application/json\nAuthorization: SSWS {{apikey}}\n",
			"url": "{{url}}/api/v1/users/{{userId}}/sessions",
			"preRequestScript": "",
			"pathVariables": {},
			"method": "DELETE",
			"data": [],
			"dataMode": "params",
			"version": 2,
			"tests": "tests[\"Status code is 204\"] = responseCode.code === 204;",
			"currentHelper": "normal",
			"helperAttributes": {},
			"time": 1482032694199,
			"name": "Clear User Sessions",
			"description": "",
			"collectionId": "59081abb-bd74-7c67-a8d9-ef999536c95e",
			"responses": []
		}
	]
}
